{
  "paper_id": "2607.16027",
  "paper_name": "Hebbian",
  "results": {
    "shallow_Hebbian": {
      "accuracy": 0.06333333333333334,
      "cti": 2.005254827520382,
      "i_zh": 2.0055609538868007,
      "i_zy": 0.00030612636641880187
    },
    "shallow_BP": {
      "accuracy": 0.07,
      "cti": 2.0019150221937836,
      "i_zh": 2.0019150221937836,
      "i_zy": 0.0
    },
    "shallow_BP-nonneg": {
      "accuracy": 0.08333333333333333,
      "cti": 2.005362442484572,
      "i_zh": 2.005858011318166,
      "i_zy": 0.0004955688335939179
    },
    "deep_Hebbian": {
      "accuracy": 0.08,
      "cti": 2.0126728984626117,
      "i_zh": 2.0132487989912233,
      "i_zy": 0.0005759005286116725
    },
    "deep_BP": {
      "accuracy": 0.07333333333333333,
      "cti": 2.0043481335980613,
      "i_zh": 2.0043481335980613,
      "i_zy": 0.0
    },
    "deep_BP-nonneg": {
      "accuracy": 0.08333333333333333,
      "cti": 2.0041660511646184,
      "i_zh": 2.004477245938342,
      "i_zy": 0.00031119477372376636
    }
  }
}