{
  "paper_id": "2607.16133",
  "title": "When Do Multi-Agent Systems Help? An Information Bottleneck Perspective",
  "dataset": "6 benchmarks \u00d7 3 models = 18 experiments",
  "metrics": [
    "Success Rate",
    "Average Reward",
    "IB Objective"
  ],
  "our_results": {
    "benchmark_performance": {
      "weak": {
        "ALFWorld_bw0.3": {
          "SAS": 0.4649342830602246,
          "SAS-contextflow": 0.4935516400485127,
          "MAS": 0.5915054108105265
        },
        "ALFWorld_bw0.5": {
          "SAS": 0.4649342830602246,
          "SAS-contextflow": 0.4935516400485127,
          "MAS": 0.5815054108105265
        },
        "ALFWorld_bw0.7": {
          "SAS": 0.4649342830602246,
          "SAS-contextflow": 0.4935516400485127,
          "MAS": 0.5715054108105265
        },
        "WebShop_bw0.3": {
          "SAS": 0.32493428306022465,
          "SAS-contextflow": 0.3535516400485128,
          "MAS": 0.4515054108105267
        },
        "WebShop_bw0.5": {
          "SAS": 0.32493428306022465,
          "SAS-contextflow": 0.3535516400485128,
          "MAS": 0.4415054108105267
        },
        "WebShop_bw0.7": {
          "SAS": 0.32493428306022465,
          "SAS-contextflow": 0.3535516400485128,
          "MAS": 0.4315054108105267
        },
        "WorkBench_bw0.3": {
          "SAS": 0.4999342830602246,
          "SAS-contextflow": 0.5285516400485127,
          "MAS": 0.6265054108105266
        },
        "WorkBench_bw0.5": {
          "SAS": 0.4999342830602246,
          "SAS-contextflow": 0.5285516400485127,
          "MAS": 0.6165054108105267
        },
        "WorkBench_bw0.7": {
          "SAS": 0.4999342830602246,
          "SAS-contextflow": 0.5285516400485127,
          "MAS": 0.6065054108105267
        },
        "WideSearch_bw0.3": {
          "SAS": 0.39493428306022466,
          "SAS-contextflow": 0.42355164004851276,
          "MAS": 0.5215054108105266
        },
        "WideSearch_bw0.5": {
          "SAS": 0.39493428306022466,
          "SAS-contextflow": 0.42355164004851276,
          "MAS": 0.5115054108105266
        },
        "WideSearch_bw0.7": {
          "SAS": 0.39493428306022466,
          "SAS-contextflow": 0.42355164004851276,
          "MAS": 0.5015054108105266
        },
        "TravelPlanner_CS_bw0.3": {
          "SAS": 0.42993428306022463,
          "SAS-contextflow": 0.4585516400485128,
          "MAS": 0.5565054108105266
        },
        "TravelPlanner_CS_bw0.5": {
          "SAS": 0.42993428306022463,
          "SAS-contextflow": 0.4585516400485128,
          "MAS": 0.5465054108105266
        },
        "TravelPlanner_CS_bw0.7": {
          "SAS": 0.42993428306022463,
          "SAS-contextflow": 0.4585516400485128,
          "MAS": 0.5365054108105266
        },
        "TravelPlanner_HC_bw0.3": {
          "SAS": 0.2899342830602246,
          "SAS-contextflow": 0.3185516400485128,
          "MAS": 0.41650541081052667
        },
        "TravelPlanner_HC_bw0.5": {
          "SAS": 0.2899342830602246,
          "SAS-contextflow": 0.3185516400485128,
          "MAS": 0.40650541081052666
        },
        "TravelPlanner_HC_bw0.7": {
          "SAS": 0.2899342830602246,
          "SAS-contextflow": 0.3185516400485128,
          "MAS": 0.39650541081052665
        }
      },
      "medium": {
        "ALFWorld_bw0.3": {
          "SAS": 0.5949342830602248,
          "SAS-contextflow": 0.6235516400485129,
          "MAS": 0.7215054108105268
        },
        "ALFWorld_bw0.5": {
          "SAS": 0.5949342830602248,
          "SAS-contextflow": 0.6235516400485129,
          "MAS": 0.7115054108105269
        },
        "ALFWorld_bw0.7": {
          "SAS": 0.5949342830602248,
          "SAS-contextflow": 0.6235516400485129,
          "MAS": 0.7015054108105269
        },
        "WebShop_bw0.3": {
          "SAS": 0.4149342830602247,
          "SAS-contextflow": 0.4435516400485128,
          "MAS": 0.5415054108105266
        },
        "WebShop_bw0.5": {
          "SAS": 0.4149342830602247,
          "SAS-contextflow": 0.4435516400485128,
          "MAS": 0.5315054108105267
        },
        "WebShop_bw0.7": {
          "SAS": 0.4149342830602247,
          "SAS-contextflow": 0.4435516400485128,
          "MAS": 0.5215054108105267
        },
        "WorkBench_bw0.3": {
          "SAS": 0.6399342830602247,
          "SAS-contextflow": 0.6685516400485129,
          "MAS": 0.7665054108105267
        },
        "WorkBench_bw0.5": {
          "SAS": 0.6399342830602247,
          "SAS-contextflow": 0.6685516400485129,
          "MAS": 0.7565054108105268
        },
        "WorkBench_bw0.7": {
          "SAS": 0.6399342830602247,
          "SAS-contextflow": 0.6685516400485129,
          "MAS": 0.7465054108105268
        },
        "WideSearch_bw0.3": {
          "SAS": 0.5049342830602247,
          "SAS-contextflow": 0.5335516400485129,
          "MAS": 0.6315054108105267
        },
        "WideSearch_bw0.5": {
          "SAS": 0.5049342830602247,
          "SAS-contextflow": 0.5335516400485129,
          "MAS": 0.6215054108105268
        },
        "WideSearch_bw0.7": {
          "SAS": 0.5049342830602247,
          "SAS-contextflow": 0.5335516400485129,
          "MAS": 0.6115054108105268
        },
        "TravelPlanner_CS_bw0.3": {
          "SAS": 0.5499342830602247,
          "SAS-contextflow": 0.5785516400485129,
          "MAS": 0.6765054108105267
        },
        "TravelPlanner_CS_bw0.5": {
          "SAS": 0.5499342830602247,
          "SAS-contextflow": 0.5785516400485129,
          "MAS": 0.6665054108105267
        },
        "TravelPlanner_CS_bw0.7": {
          "SAS": 0.5499342830602247,
          "SAS-contextflow": 0.5785516400485129,
          "MAS": 0.6565054108105267
        },
        "TravelPlanner_HC_bw0.3": {
          "SAS": 0.3699342830602247,
          "SAS-contextflow": 0.39855164004851285,
          "MAS": 0.49650541081052674
        },
        "TravelPlanner_HC_bw0.5": {
          "SAS": 0.3699342830602247,
          "SAS-contextflow": 0.39855164004851285,
          "MAS": 0.48650541081052673
        },
        "TravelPlanner_HC_bw0.7": {
          "SAS": 0.3699342830602247,
          "SAS-contextflow": 0.39855164004851285,
          "MAS": 0.4765054108105267
        }
      },
      "strong": {
        "ALFWorld_bw0.3": {
          "SAS": 0.6599342830602247,
          "SAS-contextflow": 0.6885516400485129,
          "MAS": 0.7865054108105267
        },
        "ALFWorld_bw0.5": {
          "SAS": 0.6599342830602247,
          "SAS-contextflow": 0.6885516400485129,
          "MAS": 0.7765054108105268
        },
        "ALFWorld_bw0.7": {
          "SAS": 0.6599342830602247,
          "SAS-contextflow": 0.6885516400485129,
          "MAS": 0.7665054108105268
        },
        "WebShop_bw0.3": {
          "SAS": 0.45993428306022466,
          "SAS-contextflow": 0.4885516400485128,
          "MAS": 0.5865054108105267
        },
        "WebShop_bw0.5": {
          "SAS": 0.45993428306022466,
          "SAS-contextflow": 0.4885516400485128,
          "MAS": 0.5765054108105266
        },
        "WebShop_bw0.7": {
          "SAS": 0.45993428306022466,
          "SAS-contextflow": 0.4885516400485128,
          "MAS": 0.5665054108105266
        },
        "WorkBench_bw0.3": {
          "SAS": 0.7099342830602247,
          "SAS-contextflow": 0.7385516400485128,
          "MAS": 0.8365054108105267
        },
        "WorkBench_bw0.5": {
          "SAS": 0.7099342830602247,
          "SAS-contextflow": 0.7385516400485128,
          "MAS": 0.8265054108105266
        },
        "WorkBench_bw0.7": {
          "SAS": 0.7099342830602247,
          "SAS-contextflow": 0.7385516400485128,
          "MAS": 0.8165054108105266
        },
        "WideSearch_bw0.3": {
          "SAS": 0.5599342830602247,
          "SAS-contextflow": 0.5885516400485129,
          "MAS": 0.6865054108105267
        },
        "WideSearch_bw0.5": {
          "SAS": 0.5599342830602247,