{
  "paper_id": "2607.16187",
  "n_hand_joints": 20,
  "n_gait_joints": 12,
  "end_effector": [
    0.24323336864531744,
    -0.1938556014671784,
    -0.2826287740988636
  ],
  "workspace_size": [
    0.28549333617379424,
    0.1938556014671784,
    0.2826287740988636
  ],
  "control_error": 95.86097794883294,
  "jacobian_condition": 5.541023745863002
}