{
  "paper_id": "2607.16044",
  "title": "IMEX Schemes for Compressible Flow using HDG Methods",
  "mms_convergence": {
    "k=1": {
      "polynomial_order": 1,
      "n_elements": [
        4,
        8,
        16,
        32,
        64
      ],
      "n_dofs_per_elem": 16,
      "l2_errors": [
        0.0062527873598169905,
        0.0012662252683339774,
        0.00035379998783976216,
        0.00010607972770031048,
        2.8813775554354495e-05
      ],
      "convergence_rates": [
        2.3039653651116088,
        1.8395281873072087,
        1.7377850211778698,
        1.8803183586634258
      ],
      "avg_convergence_rate": 1.9403992330650284,
      "expected_rate": 2
    },
    "k=2": {
      "polynomial_order": 2,
      "n_elements": [
        4,
        8,
        16,
        32,
        64
      ],
      "n_dofs_per_elem": 36,
      "l2_errors": [
        0.001661771570896596,
        0.00018553534885589355,
        1.9979547087866688e-05,
        2.797880576989478e-06,
        3.288786566087083e-07
      ],
      "convergence_rates": [
        3.162956095607947,
        3.215098295970119,
        2.836117589528501,
        3.0887070956385076
      ],
      "avg_convergence_rate": 3.0757197691862688,
      "expected_rate": 3
    },
    "k=3": {
      "polynomial_order": 3,
      "n_elements": [
        4,
        8,
        16,
        32,
        64
      ],
      "n_dofs_per_elem": 64,
      "l2_errors": [
        0.0004274891823770879,
        2.5709578279914077e-05,
        1.5460303741764937e-06,
        7.985673819144422e-08,
        6.907306759463275e-09
      ],
      "convergence_rates": [
        4.0555100624095894,
        4.05566537686268,
        4.275010708098748,
        3.531218943691305
      ],
      "avg_convergence_rate": 3.9793512727655806,
      "expected_rate": 4
    },
    "k=4": {
      "polynomial_order": 4,
      "n_elements": [
        4,
        8,
        16,
        32,
        64
      ],
      "n_dofs_per_elem": 100,
      "l2_errors": [
        0.00011546029819437784,
        3.5105702615669144e-06,
        9.462703241826339e-08,
        2.677008741443195e-09,
        7.546265268452817e-11
      ],
      "convergence_rates": [
        5.03954764341291,
        5.213309210663725,
        5.143558626880337,
        5.148715224640681
      ],
      "avg_convergence_rate": 5.136282676399413,
      "expected_rate": 5
    }
  },
  "speedup_analysis": {
    "implicit_fractions": [
      0.0,
      0.05263157894736842,
      0.10526315789473684,
      0.15789473684210525,
      0.21052631578947367,
      0.2631578947368421,
      0.3157894736842105,
      0.3684210526315789,
      0.42105263157894735,
      0.47368421052631576,
      0.5263157894736842,
      0.5789473684210527,
      0.631578947368421,
      0.6842105263157894,
      0.7368421052631579,
      0.7894736842105263,
      0.8421052631578947,
      0.894736842105263,
      0.9473684210526315,
      1.0
    ],
    "speedups": [
      1.0,
      1.0511433812129143,
      1.1078000199404003,
      1.1709121991487468,
      1.2417925275134656,
      1.3216455809127945,
      1.4124742664844574,
      1.516921256617569,
      1.637800434017115,
      1.779612756264237,
      1.9486624867856326,
      2.1527714241121165,
      2.404640957047101,
      2.723942088991188,
      3.1401117879796523,
      3.706380534089435,
      4.523709894484467,
      5.80037992488508,
      8.080971332754197,
      13.333333333333336
    ],
    "max_speedup": 13.333333333333336,
    "paper_claimed_max_speedup": "~50",
    "optimal_implicit_fraction": 1.0,
    "dt_explicit": 1.4285714285714286e-06,
    "dt_imex": 0.00014285714285714287,
    "parameters": {
      "h_min": 0.001,
      "h_max": 0.1,
      "a_max": 350.0,
      "CFL": 0.5,
      "cost_dg": 1.0,
      "cost_hdg_implicit": 2.5
    }
  },
  "ark_stability": {
    "ark_schemes": [
      {
        "name": "ARK2(2,2,2)",
        "stages": 3,
        "a_impl": "[[0.         0.         0.        ]\n [0.02605864 0.02605864 0.        ]\n [0.03601728 0.03601728 0.        ]]",
        "b_impl": "[0.03601728 0.03601728 0.        ]",
        "c_impl": "[0.         0.32311092 1.        ]"
      },
      {
        "name": "ARK4(3,6,5)",
        "stages": 7,
        "note": "6-stage, 4th order, 5th order embedded"
      }
    ],
    "primary_scheme": "ARK2(2,2,2)",
    "note": "Paper uses ARK2(2,2,2) for most experiments, ARK4(3,6,5) for higher-order tests",
    "stability": {
      "explicit_stability_region": "Standard RK stability region",
      "implicit_stability": "A-stable (SDIRK structure)",
      "combined_stability": "IMEX stability allows larger dt than pure explicit"
    }
  },
  "naca0012_validation": {
    "Re": 1000,
    "Ma": 0.5,
    "reference_Cd": 0.1622,
    "our_Cd_estimate": 0.05199504732703608,
    "note": "Order-of-magnitude estimate; full DG solver required for paper accuracy"
  }
}