{
  "total_cves": 3,
  "sdo_f1": 0.9666387124161928,
  "sro_f1": 0.9324665183721733,
  "overall_f1": 0.9495526153941831
}