{
  "paper_id": "2607.16102",
  "paper_name": "DoSQ",
  "state_f1": 0.36300830722826966,
  "trend_f1": 0.4824943328310266,
  "precision_top1": 0.5,
  "lift": 400.0
}