{
  "hand_kinematics": {
    "fingertip_positions": [
      [
        0.08495717065871745,
        0.002466849449310713,
        1.3707783890401888e-05
      ],
      [
        0.08494366247523896,
        0.002816862291126031,
        1.8277045187202512e-05
      ],
      [
        0.09492691999897923,
        0.003390726472200227,
        2.2846306484003145e-05
      ],
      [
        0.08895021675057552,
        0.0027088830344562764,
        1.3707783890401888e-05
      ],
      [
        0.07496480394414505,
        0.002092276960567874,
        1.3707783890401888e-05
      ]
    ],
    "palm_center": [
      0.08574855476553125,
      0.002695119641532224,
      1.6449340668482262e-05
    ],
    "finger_distances": [
      0.0008236525974632078,
      0.0008140492689056965,
      0.009204688921555695,
      0.0032016927419094916,
      0.010800588344709443
    ],
    "grasp_volume": 2.134179499663548e-13
  },
  "locomotion": {
    "n_steps": 200,
    "duration": 4.0,
    "forward_displacement_m": 0.007071315326170283,
    "symmetry_error": 0.16191814614785882,
    "energy_proxy": 236.11760654951956,
    "joint_trajectory_shape": [
      200,
      12
    ]
  }
}