{
  "paper_id": "2607.16168",
  "paper_title": "Behaviour-Conditioned Neural Processes for Adaptive Residential Short-Term Load Forecasting",
  "experiments": {
    "anp_baseline": {
      "4": {
        "MAE": 3.37179002723127,
        "RMSE": 3.8280859956658615,
        "CRPS": 3.3136103142654747,
        "MAE_std": 0.67054732490386,
        "RMSE_std": 0.5007918797382473,
        "CRPS_std": 0.6705186842854431
      },
      "8": {
        "MAE": 3.209686355019616,
        "RMSE": 3.7246216939428494,
        "CRPS": 3.1506615813479293,
        "MAE_std": 0.6746804948432508,
        "RMSE_std": 0.522752955785973,
        "CRPS_std": 0.6746656012359237
      },
      "12": {
        "MAE": 3.1712911630224054,
        "RMSE": 3.6663181237692424,
        "CRPS": 3.111718811911939,
        "MAE_std": 0.6264641600175527,
        "RMSE_std": 0.47922322842084275,
        "CRPS_std": 0.6264457567241718
      },
      "24": {
        "MAE": 3.302759069665275,
        "RMSE": 3.782094865180479,
        "CRPS": 3.243604782395169,
        "MAE_std": 0.6437859779965464,
        "RMSE_std": 0.4991867108607948,
        "CRPS_std": 0.6437699528313819
      }
    },
    "film_anp_soft": {
      "4": {
        "MAE": 3.4343248657559258,
        "RMSE": 3.8910054734375037,
        "CRPS": 3.37539875287377,
        "MAE_std": 0.6523311856903993,
        "RMSE_std": 0.5043599070116216,
        "CRPS_std": 0.652323200620611
      },
      "8": {
        "MAE": 3.2611232013165585,
        "RMSE": 3.744844546506292,
        "CRPS": 3.2027884120975,
        "MAE_std": 0.6583848156451605,
        "RMSE_std": 0.5019803206726098,
        "CRPS_std": 0.6583740257352845
      },
      "12": {
        "MAE": 3.2179819275072963,
        "RMSE": 3.7233193202655457,
        "CRPS": 3.159562692530305,
        "MAE_std": 0.6817251062176817,
        "RMSE_std": 0.517817279757049,
        "CRPS_std": 0.6817130930165746
      },
      "24": {
        "MAE": 3.3056583271367104,
        "RMSE": 3.782950115219449,
        "CRPS": 3.246827364580566,
        "MAE_std": 0.6433672215847864,
        "RMSE_std": 0.49821790599321125,
        "CRPS_std": 0.6433490630718043
      }
    },
    "improvements": {
      "4": {
        "MAE_improvement_pct": -1.8546480658526043,
        "CRPS_improvement_pct": -1.8646863314702111
      },
      "8": {
        "MAE_improvement_pct": -1.6025505487943015,
        "CRPS_improvement_pct": -1.6544725418357942
      },
      "12": {
        "MAE_improvement_pct": -1.4722951026796327,
        "CRPS_improvement_pct": -1.5375386887534592
      },
      "24": {
        "MAE_improvement_pct": -0.0877828933410374,
        "CRPS_improvement_pct": -0.09935187550862423
      }
    }
  },
  "paper_results": {
    "MAE_reduction_pct": 7.9,
    "CRPS_reduction_pct": 6.9,
    "dataset": "SGSC (Smart Grid, Smart City)"
  },
  "summary": {
    "avg_mae_improvement": -1.254319152666894,
    "avg_crps_improvement": -1.2890123593920222
  }
}