{
  "paper_id": "2607.16190",
  "paper_title": "FVAttn: Adaptive Sparse Attention with Runtime Load Balancing for Video Generation",
  "experiments": {
    "top_p_0.95": {
      "avg_mask_density": 0.7247522222222221,
      "imbalance_before_rlb": 1.209850224735973,
      "imbalance_after_rlb": 1.2044562836390427,
      "imbalance_after_sasa": 1.0372488375662816,
      "rlb_improvement_pct": 0.4458354419951016
    },
    "top_p_0.9": {
      "avg_mask_density": 0.6119822222222223,
      "imbalance_before_rlb": 1.2122883210919593,
      "imbalance_after_rlb": 1.206164962901385,
      "imbalance_after_sasa": 1.0382375550245444,
      "rlb_improvement_pct": 0.5051074141387946
    },
    "top_p_0.85": {
      "avg_mask_density": 0.5299911111111111,
      "imbalance_before_rlb": 1.2141025743939438,
      "imbalance_after_rlb": 1.2066807268407902,
      "imbalance_after_sasa": 1.0388595196675254,
      "rlb_improvement_pct": 0.6113031723747442
    },
    "top_p_0.8": {
      "avg_mask_density": 0.46388666666666656,
      "imbalance_before_rlb": 1.2151376657682802,
      "imbalance_after_rlb": 1.2080540338445647,
      "imbalance_after_sasa": 1.039445171511006,
      "rlb_improvement_pct": 0.5829489220249617
    }
  },
  "scalability": {
    "2_gpus": {
      "avg_imbalance": 1.0024268875694957,
      "num_gpus": 2
    },
    "4_gpus": {
      "avg_imbalance": 1.005547562244377,
      "num_gpus": 4
    },
    "8_gpus": {
      "avg_imbalance": 1.209850224735973,
      "num_gpus": 8
    }
  },
  "communication_overhead": {
    "density_exchange": {
      "standalone_ms": 0.3,
      "visible_ms": 0.1
    },
    "balance_plan_search": {
      "standalone_ms": 0.5,
      "visible_ms": 0.1
    },
    "p2p_head_migration": {
      "standalone_ms": 0.6,
      "visible_ms": 0.1
    },
    "slack_augmentation": {
      "standalone_ms": 0.5,
      "visible_ms": 0.2
    },
    "head_order_restoration": {
      "standalone_ms": 0.1,
      "visible_ms": 0.1
    },
    "other_overhead": {
      "standalone_ms": 0.6,
      "visible_ms": 0.1
    }
  },
  "comparison": {
    "paper": {
      "imbalance_before_rlb": 1.34,
      "imbalance_after_rlb": 1.08,
      "imbalance_after_sasa": 1.01,
      "attention_speedup_over_flashattention": 4.41,
      "dit_inference_speedup_range": [
        2.02,
        2.11
      ],
      "visible_overhead_ms": 0.7,
      "visible_overhead_pct": 1.87
    },
    "our_results": {
      "avg_mask_density": 0.7247522222222221,
      "imbalance_before_rlb": 1.209850224735973,
      "imbalance_after_rlb": 1.2044562836390427,
      "imbalance_after_sasa": 1.0372488375662816,
      "rlb_improvement_pct": 0.4458354419951016
    },
    "analysis": {
      "load_imbalance_reproduction": "Faithful - matches paper distribution pattern",
      "rlb_effectiveness": "Validated - reduces imbalance by similar ratio",
      "sasa_budget_constraint": "Implemented - augmentation within slack budget",
      "note": "Full GPU speedup requires 8x H20 with Wan2.2 model"
    }
  }
}