{
  "pearl": {
    "r": -12.228935143444687,
    "s": 0.12,
    "p": 0.4733274245262146
  },
  "reinforce": {
    "r": -29.85581699766219,
    "s": 0.12,
    "p": 0.9409785825014114
  }
}