{
  "pearl_rewards": [
    -7.641041025705635,
    -7.60930498521775,
    -6.912406274816021,
    -6.582941677933559,
    -6.655070354649797,
    -6.57461501294747,
    -6.506921168975532,
    -6.591422813758254,
    -6.60599832762964,
    -6.617253801971674,
    -6.6380135893821715,
    -6.622632000269368,
    -6.628836486302316,
    -6.619965500244871,
    -6.61967597939074,
    -6.620837306696922,
    -6.6221534497570245,
    -6.623989502293989,
    -6.624859563400969,
    -6.625573306391016,
    -6.626297109667211,
    -6.626457126904279,
    -6.628122440585867,
    -6.627848025225103,
    -6.63059366689995,
    -6.629214875400066,
    -6.633778147213161,
    -6.630837398814037,
    -6.6393201109487565,
    -6.6355192851740865,
    -6.649540140945464,
    -6.64068952575326,
    -6.642192784929648,
    -6.633146860916168,
    -6.637586686713621,
    -6.645474639488384,
    -6.63851205999963,
    -6.642344834422692,
    -6.641823358926922,
    -6.643852601340041,
    -6.646698642987758,
    -6.644853109307587,
    -6.648608439369127,
    -6.647384938644246,
    -6.649882764695212,
    -6.650884415348992,
    -6.650852927938104,
    -6.653828347241506,
    -6.652765355724841,
    -6.6561625930015
  ],
  "pearl_success": [
    0.0,
    0.0,
    0.0,
    0.0,
    0.0,
    0.0,
    0.0,
    0.0,
    0.0,
    0.0,
    0.0,
    0.0,
    0.0,
    0.0,
    0.0,
    0.0,
    0.0,
    0.0,
    0.0,
    0.0,
    0.0,
    0.0,
    0.0,
    0.0,
    0.0,
    0.0,
    0.0,
    0.0,
    0.0,
    0.0,
    0.0,
    0.0,
    0.0,
    0.0,
    0.0,
    0.0,
    0.0,
    0.0,
    0.0,
    0.0,
    0.0,
    0.0,
    0.0,
    0.0,
    0.0,
    0.0,
    0.0,
    0.0,
    0.0,
    0.0
  ],
  "pg_rewards": [
    -14.796434223651886,
    -14.796434223651886,
    -14.796434223651886,
    -14.796434223651886,
    -14.796434223651886,
    -14.796434223651886,
    -14.796434223651886,
    -14.796434223651886,
    -14.796434223651886,
    -14.796434223651886,
    -14.796434223651886,
    -14.796434223651886,
    -14.796434223651886,
    -14.796434223651886,
    -14.796434223651886,
    -14.796434223651886,
    -14.796434223651886,
    -14.796434223651886,
    -14.796434223651886,
    -14.796434223651886,
    -14.796434223651886,
    -14.796434223651886,
    -14.796434223651886,
    -14.796434223651886,
    -14.796434223651886,
    -14.796434223651886,
    -14.796434223651886,
    -14.796434223651886,
    -14.796434223651886,
    -14.796434223651886,
    -14.796434223651886,
    -14.796434223651886,
    -14.796434223651886,
    -14.796434223651886,
    -14.796434223651886,
    -14.796434223651886,
    -14.796434223651886,
    -14.796434223651886,
    -14.796434223651886,
    -14.796434223651886,
    -14.796434223651886,
    -14.796434223651886,
    -14.796434223651886,
    -14.796434223651886,
    -14.796434223651886,
    -14.796434223651886,
    -14.796434223651886,
    -14.796434223651886,
    -14.796434223651886,
    -14.796434223651886
  ],
  "pg_success": [
    0.0,
    0.0,
    0.0,
    0.0,
    0.0,
    0.0,
    0.0,
    0.0,
    0.0,
    0.0,
    0.0,
    0.0,
    0.0,
    0.0,
    0.0,
    0.0,
    0.0,
    0.0,
    0.0,
    0.0,
    0.0,
    0.0,
    0.0,
    0.0,
    0.0,
    0.0,
    0.0,
    0.0,
    0.0,
    0.0,
    0.0,
    0.0,
    0.0,
    0.0,
    0.0,
    0.0,
    0.0,
    0.0,
    0.0,
    0.0,
    0.0,
    0.0,
    0.0,
    0.0,
    0.0,
    0.0,
    0.0,
    0.0,
    0.0,
    0.0
  ],
  "pearl_final": {
    "avg_reward": -9.462209239602089,
    "avg_final_position": 0.9223506450653076,
    "success_rate": 0.0,
    "all_rewards": [
      -9.462209239602089,
      -9.462209239602089,
      -9.462209239602089,
      -9.462209239602089,
      -9.462209239602089,
      -9.462209239602089,
      -9.462209239602089,
      -9.462209239602089,
      -9.462209239602089,
      -9.462209239602089,
      -9.462209239602089,
      -9.462209239602089,
      -9.462209239602089,
      -9.462209239602089,
      -9.462209239602089,
      -9.462209239602089,
      -9.462209239602089,
      -9.462209239602089,
      -9.462209239602089,
      -9.462209239602089,
      -9.462209239602089,
      -9.462209239602089,
      -9.462209239602089,
      -9.462209239602089,
      -9.462209239602089,
      -9.462209239602089,
      -9.462209239602089,
      -9.462209239602089,
      -9.462209239602089,
      -9.462209239602089,
      -9.462209239602089,
      -9.462209239602089,
      -9.462209239602089,
      -9.462209239602089,
      -9.462209239602089,
      -9.462209239602089,
      -9.462209239602089,
      -9.462209239602089,
      -9.462209239602089,
      -9.462209239602089,
      -9.462209239602089,
      -9.462209239602089,
      -9.462209239602089,
      -9.462209239602089,
      -9.462209239602089,
      -9.462209239602089,
      -9.462209239602089,
      -9.462209239602089,
      -9.462209239602089,
      -9.462209239602089
    ],
    "all_positions": [
      0.9223506450653076,
      0.9223506450653076,
      0.9223506450653076,
      0.9223506450653076,
      0.9223506450653076,
      0.9223506450653076,
      0.9223506450653076,
      0.9223506450653076,
      0.9223506450653076,
      0.9223506450653076,
      0.9223506450653076,
      0.9223506450653076,
      0.9223506450653076,
      0.9223506450653076,
      0.9223506450653076,
      0.9223506450653076,
      0.9223506450653076,
      0.9223506450653076,
      0.9223506450653076,
      0.9223506450653076,
      0.9223506450653076,
      0.9223506450653076,
      0.9223506450653076,
      0.9223506450653076,
      0.9223506450653076,
      0.9223506450653076,
      0.9223506450653076,
      0.9223506450653076,
      0.9223506450653076,
      0.9223506450653076,
      0.9223506450653076,
      0.9223506450653076,
      0.9223506450653076,
      0.9223506450653076,
      0.9223506450653076,
      0.9223506450653076,
      0.9223506450653076,
      0.9223506450653076,
      0.9223506450653076,
      0.9223506450653076,
      0.9223506450653076,
      0.9223506450653076,
      0.9223506450653076,
      0.9223506450653076,
      0.9223506450653076,
      0.9223506450653076,
      0.9223506450653076,
      0.9223506450653076,
      0.9223506450653076,
      0.9223506450653076
    ]
  },
  "pg_final": {
    "avg_reward": -14.796434223651886,
    "avg_final_position": 1.5439834594726562,
    "success_rate": 0.0
  }
}