{
  "uniform_bits": 4.5,
  "adaptive_bitwidths": [
    6.0,
    3.0,
    5.0,
    3.0,
    2.0,
    4.0,
    6.0,
    3.0
  ],
  "savings": {
    "uniform_4bit_mb": 8.0,
    "adaptive_mb": 8.0,
    "savings_ratio": 0.0,
    "avg_bitwidth": 4.0,
    "bitwidths": [
      6.0,
      3.0,
      5.0,
      3.0,
      2.0,
      4.0,
      6.0,
      3.0
    ]
  },
  "importance": [
    0.15708056092262268,
    0.1115608885884285,
    0.13575954735279083,
    0.11376824229955673,
    0.10152176022529602,
    0.12283346801996231,
    0.14174151420593262,
    0.11573400348424911
  ]
}