{
  "config": {
    "num_objects": 20,
    "points_per_object": 512,
    "num_epochs": 20,
    "batch_size": 16,
    "device": "cuda"
  },
  "vtloc": {
    "l2_mean": 0.04657359980046749,
    "l2_std": 0.015696351882070303,
    "l2_median": 0.041335610672831535,
    "success_rate_1cm": 0.0,
    "success_rate_2cm": 0.0357142873108387,
    "success_rate_5cm": 0.6339285969734192
  },
  "mlp_baseline": {
    "l2_mean": 0.08446277305483818,
    "l2_std": 0.026381242088973522,
    "l2_median": 0.08283928036689758,
    "success_rate_1cm": 0.0,
    "success_rate_2cm": 0.0,
    "success_rate_5cm": 0.1339285746216774
  },
  "cosine_baseline": {
    "l2_mean": 0.04819945991039276,
    "l2_std": 0.011928750667721033,
    "l2_median": 0.047452934086322784,
    "success_rate_1cm": 0.0,
    "success_rate_2cm": 0.0,
    "success_rate_5cm": 0.4955357313156128
  },
  "ilu_ablation": {
    "1": {
      "l2_mean": 0.13660846650600433,
      "l2_std": 0.04242834448814392,
      "l2_median": 0.13062702864408493,
      "success_rate_1cm": 0.0,
      "success_rate_2cm": 0.0,
      "success_rate_5cm": 0.0
    },
    "3": {
      "l2_mean": 0.08840038254857063,
      "l2_std": 0.02994987554848194,
      "l2_median": 0.08225684240460396,
      "success_rate_1cm": 0.0,
      "success_rate_2cm": 0.0,
      "success_rate_5cm": 0.1339285746216774
    },
    "5": {
      "l2_mean": 0.04657359980046749,
      "l2_std": 0.015696351882070303,
      "l2_median": 0.041335610672831535,
      "success_rate_1cm": 0.0,
      "success_rate_2cm": 0.0357142873108387,
      "success_rate_5cm": 0.6339285969734192
    },
    "10": {
      "l2_mean": 0.2853577733039856,
      "l2_std": 0.07078360393643379,
      "l2_median": 0.275918111205101,
      "success_rate_1cm": 0.0,
      "success_rate_2cm": 0.0,
      "success_rate_5cm": 0.0
    }
  },
  "gma_ablation": {
    "without_gma": {
      "l2_mean": 0.06531880050897598,
      "l2_std": 0.022228330373764038,
      "l2_median": 0.06176972948014736,
      "success_rate_1cm": 0.0,
      "success_rate_2cm": 0.0,
      "success_rate_5cm": 0.2008928656578064
    },
    "with_gma": {
      "l2_mean": 0.04657359980046749,
      "l2_std": 0.015696351882070303,
      "l2_median": 0.041335610672831535,
      "success_rate_1cm": 0.0,
      "success_rate_2cm": 0.0357142873108387,
      "success_rate_5cm": 0.6339285969734192
    },
    "improvement": 0.286980173586203
  },
  "training": {
    "vtloc_losses": [
      0.9442231754461924,
      0.14355949809153876,
      0.07629544163743655,
      0.06661128045784102,
      0.05931867120994462,
      0.049703869968652725,
      0.05007083589831988,
      0.05334315987096892,
      0.0680809761914942,
      0.06211681912342707,
      0.03858502416147126,
      0.03768794880145126,
      0.03449651785194874,
      0.03471553739574221,
      0.030021342552370496,
      0.03280762748585807,
      0.030126899894740846,
      0.0287769234014882,
      0.027603297183911007,
      0.02704202714893553
    ]
  }
}